"filename", "language", "JavaScript", "Markdown", "vue", "JSON", "XML", "HTML", "JSON with Comments", "CSS", "Properties", "comment", "blank", "total"
"c:\Users\HP\Desktop\mvp\Backend\package-lock.json", "JSON", 0, 0, 0, 2066, 0, 0, 0, 0, 0, 0, 1, 2067
"c:\Users\HP\Desktop\mvp\Backend\package.json", "JSON", 0, 0, 0, 23, 0, 0, 0, 0, 0, 0, 1, 24
"c:\Users\HP\Desktop\mvp\Backend\src\app.js", "JavaScript", 19, 0, 0, 0, 0, 0, 0, 0, 0, 0, 4, 23
"c:\Users\HP\Desktop\mvp\Backend\src\connection\fake_meter.js", "JavaScript", 220, 0, 0, 0, 0, 0, 0, 0, 0, 0, 23, 243
"c:\Users\HP\Desktop\mvp\Backend\src\connection\loop.js", "JavaScript", 36, 0, 0, 0, 0, 0, 0, 0, 0, 0, 8, 44
"c:\Users\HP\Desktop\mvp\Backend\src\controller\admin\admin.js", "JavaScript", 83, 0, 0, 0, 0, 0, 0, 0, 0, 0, 14, 97
"c:\Users\HP\Desktop\mvp\Backend\src\controller\auth\login.js", "JavaScript", 128, 0, 0, 0, 0, 0, 0, 0, 0, 0, 28, 156
"c:\Users\HP\Desktop\mvp\Backend\src\controller\electricity\calculation_object.js", "JavaScript", 201, 0, 0, 0, 0, 0, 0, 0, 0, 0, 39, 240
"c:\Users\HP\Desktop\mvp\Backend\src\controller\electricity\electricity_object.js", "JavaScript", 297, 0, 0, 0, 0, 0, 0, 0, 0, 0, 56, 353
"c:\Users\HP\Desktop\mvp\Backend\src\controller\graphics\dashboard.js", "JavaScript", 47, 0, 0, 0, 0, 0, 0, 0, 0, 0, 10, 57
"c:\Users\HP\Desktop\mvp\Backend\src\controller\graphics\data_list.js", "JavaScript", 112, 0, 0, 0, 0, 0, 0, 0, 0, 0, 19, 131
"c:\Users\HP\Desktop\mvp\Backend\src\controller\graphics\graphs_object_data.js", "JavaScript", 87, 0, 0, 0, 0, 0, 0, 0, 0, 0, 15, 102
"c:\Users\HP\Desktop\mvp\Backend\src\controller\graphics\vector_diagram.js", "JavaScript", 18, 0, 0, 0, 0, 0, 0, 0, 0, 0, 4, 22
"c:\Users\HP\Desktop\mvp\Backend\src\controller\index.js", "JavaScript", 3, 0, 0, 0, 0, 0, 0, 0, 0, 0, 1, 4
"c:\Users\HP\Desktop\mvp\Backend\src\controller\meter\meter.js", "JavaScript", 86, 0, 0, 0, 0, 0, 0, 0, 0, 0, 12, 98
"c:\Users\HP\Desktop\mvp\Backend\src\controller\server\billing.js", "JavaScript", 24, 0, 0, 0, 0, 0, 0, 0, 0, 0, 5, 29
"c:\Users\HP\Desktop\mvp\Backend\src\controller\server\check_port.js", "JavaScript", 29, 0, 0, 0, 0, 0, 0, 0, 0, 0, 6, 35
"c:\Users\HP\Desktop\mvp\Backend\src\controller\server\event.js", "JavaScript", 70, 0, 0, 0, 0, 0, 0, 0, 0, 0, 13, 83
"c:\Users\HP\Desktop\mvp\Backend\src\controller\server\folder.js", "JavaScript", 96, 0, 0, 0, 0, 0, 0, 0, 0, 0, 16, 112
"c:\Users\HP\Desktop\mvp\Backend\src\controller\server\gm.js", "JavaScript", 39, 0, 0, 0, 0, 0, 0, 0, 0, 0, 10, 49
"c:\Users\HP\Desktop\mvp\Backend\src\controller\server\journal.js", "JavaScript", 29, 0, 0, 0, 0, 0, 0, 0, 0, 0, 7, 36
"c:\Users\HP\Desktop\mvp\Backend\src\controller\server\license.js", "JavaScript", 32, 0, 0, 0, 0, 0, 0, 0, 0, 0, 3, 35
"c:\Users\HP\Desktop\mvp\Backend\src\controller\server\send_message.js", "JavaScript", 11, 0, 0, 0, 0, 0, 0, 0, 0, 0, 4, 15
"c:\Users\HP\Desktop\mvp\Backend\src\global\all_short_name.json", "JSON", 0, 0, 0, 58, 0, 0, 0, 0, 0, 0, 0, 58
"c:\Users\HP\Desktop\mvp\Backend\src\global\enum.js", "JavaScript", 16, 0, 0, 0, 0, 0, 0, 0, 0, 0, 1, 17
"c:\Users\HP\Desktop\mvp\Backend\src\global\file-path.js", "JavaScript", 29, 0, 0, 0, 0, 0, 0, 0, 0, 0, 8, 37
"c:\Users\HP\Desktop\mvp\Backend\src\global\meter-list.js", "JavaScript", 2, 0, 0, 0, 0, 0, 0, 0, 0, 0, 0, 2
"c:\Users\HP\Desktop\mvp\Backend\src\global\variable.js", "JavaScript", 132, 0, 0, 0, 0, 0, 0, 0, 0, 0, 2, 134
"c:\Users\HP\Desktop\mvp\Backend\src\middleware\admin_or_super_token.js", "JavaScript", 22, 0, 0, 0, 0, 0, 0, 0, 0, 0, 5, 27
"c:\Users\HP\Desktop\mvp\Backend\src\middleware\admin_token.js", "JavaScript", 22, 0, 0, 0, 0, 0, 0, 0, 0, 0, 5, 27
"c:\Users\HP\Desktop\mvp\Backend\src\middleware\error_handler.js", "JavaScript", 4, 0, 0, 0, 0, 0, 0, 0, 0, 0, 0, 4
"c:\Users\HP\Desktop\mvp\Backend\src\middleware\logout.js", "JavaScript", 23, 0, 0, 0, 0, 0, 0, 0, 0, 0, 5, 28
"c:\Users\HP\Desktop\mvp\Backend\src\middleware\meter_validate.js", "JavaScript", 18, 0, 0, 0, 0, 0, 0, 0, 0, 0, 1, 19
"c:\Users\HP\Desktop\mvp\Backend\src\middleware\refresh_token.js", "JavaScript", 35, 0, 0, 0, 0, 0, 0, 0, 0, 0, 10, 45
"c:\Users\HP\Desktop\mvp\Backend\src\middleware\single.js", "JavaScript", 22, 0, 0, 0, 0, 0, 0, 0, 0, 0, 5, 27
"c:\Users\HP\Desktop\mvp\Backend\src\middleware\super_token.js", "JavaScript", 22, 0, 0, 0, 0, 0, 0, 0, 0, 0, 5, 27
"c:\Users\HP\Desktop\mvp\Backend\src\middleware\validate.js", "JavaScript", 18, 0, 0, 0, 0, 0, 0, 0, 0, 0, 0, 18
"c:\Users\HP\Desktop\mvp\Backend\src\middleware\validate_query.js", "JavaScript", 18, 0, 0, 0, 0, 0, 0, 0, 0, 0, 0, 18
"c:\Users\HP\Desktop\mvp\Backend\src\models\admin.js", "JavaScript", 13, 0, 0, 0, 0, 0, 0, 0, 0, 0, 2, 15
"c:\Users\HP\Desktop\mvp\Backend\src\models\index.js", "JavaScript", 36, 0, 0, 0, 0, 0, 0, 0, 0, 0, 2, 38
"c:\Users\HP\Desktop\mvp\Backend\src\models\objects\calculation_object.js", "JavaScript", 26, 0, 0, 0, 0, 0, 0, 0, 0, 0, 3, 29
"c:\Users\HP\Desktop\mvp\Backend\src\models\objects\elect_object.js", "JavaScript", 28, 0, 0, 0, 0, 0, 0, 0, 0, 0, 3, 31
"c:\Users\HP\Desktop\mvp\Backend\src\models\server_request\app_log.js", "JavaScript", 11, 0, 0, 0, 0, 0, 0, 0, 0, 22, 3, 36
"c:\Users\HP\Desktop\mvp\Backend\src\models\server_request\archive.js", "JavaScript", 9, 0, 0, 0, 0, 0, 0, 0, 0, 0, 3, 12
"c:\Users\HP\Desktop\mvp\Backend\src\models\server_request\auth.js", "JavaScript", 10, 0, 0, 0, 0, 0, 0, 0, 0, 0, 3, 13
"c:\Users\HP\Desktop\mvp\Backend\src\models\server_request\billing.js", "JavaScript", 28, 0, 0, 0, 0, 0, 0, 0, 0, 0, 3, 31
"c:\Users\HP\Desktop\mvp\Backend\src\models\server_request\current.js", "JavaScript", 13, 0, 0, 0, 0, 0, 0, 0, 0, 0, 3, 16
"c:\Users\HP\Desktop\mvp\Backend\src\models\server_request\event.js", "JavaScript", 11, 0, 0, 0, 0, 0, 0, 0, 0, 0, 3, 14
"c:\Users\HP\Desktop\mvp\Backend\src\models\server_request\feeder.js", "JavaScript", 10, 0, 0, 0, 0, 0, 0, 0, 0, 0, 3, 13
"c:\Users\HP\Desktop\mvp\Backend\src\models\server_request\folder.js", "JavaScript", 19, 0, 0, 0, 0, 0, 0, 0, 0, 0, 2, 21
"c:\Users\HP\Desktop\mvp\Backend\src\models\server_request\journal.js", "JavaScript", 18, 0, 0, 0, 0, 0, 0, 0, 0, 0, 3, 21
"c:\Users\HP\Desktop\mvp\Backend\src\models\server_request\last_current.js", "JavaScript", 17, 0, 0, 0, 0, 0, 0, 0, 0, 0, 3, 20
"c:\Users\HP\Desktop\mvp\Backend\src\models\server_request\last_join.js", "JavaScript", 19, 0, 0, 0, 0, 0, 0, 0, 0, 0, 3, 22
"c:\Users\HP\Desktop\mvp\Backend\src\models\server_request\manual_request.js", "JavaScript", 73, 0, 0, 0, 0, 0, 0, 0, 0, 0, 3, 76
"c:\Users\HP\Desktop\mvp\Backend\src\models\server_request\meter.js", "JavaScript", 109, 0, 0, 0, 0, 0, 0, 0, 0, 0, 3, 112
"c:\Users\HP\Desktop\mvp\Backend\src\models\server_request\parameter.js", "JavaScript", 29, 0, 0, 0, 0, 0, 0, 0, 0, 0, 4, 33
"c:\Users\HP\Desktop\mvp\Backend\src\models\server_request\port_errors.js", "JavaScript", 5, 0, 0, 0, 0, 0, 0, 0, 0, 0, 3, 8
"c:\Users\HP\Desktop\mvp\Backend\src\models\server_request\previous_data.js", "JavaScript", 28, 0, 0, 0, 0, 0, 0, 0, 0, 0, 3, 31
"c:\Users\HP\Desktop\mvp\Backend\src\repository\admin.js", "JavaScript", 49, 0, 0, 0, 0, 0, 0, 0, 0, 0, 3, 52
"c:\Users\HP\Desktop\mvp\Backend\src\repository\index.js", "JavaScript", 40, 0, 0, 0, 0, 0, 0, 0, 0, 0, 2, 42
"c:\Users\HP\Desktop\mvp\Backend\src\repository\objects\calculation_object.js", "JavaScript", 1141, 0, 0, 0, 0, 0, 0, 0, 0, 0, 81, 1222
"c:\Users\HP\Desktop\mvp\Backend\src\repository\objects\elect_object.js", "JavaScript", 1496, 0, 0, 0, 0, 0, 0, 0, 0, 0, 116, 1612
"c:\Users\HP\Desktop\mvp\Backend\src\repository\server_request\app_log.js", "JavaScript", 16, 0, 0, 0, 0, 0, 0, 0, 0, 0, 3, 19
"c:\Users\HP\Desktop\mvp\Backend\src\repository\server_request\archive.js", "JavaScript", 37, 0, 0, 0, 0, 0, 0, 0, 0, 0, 7, 44
"c:\Users\HP\Desktop\mvp\Backend\src\repository\server_request\auth.js", "JavaScript", 30, 0, 0, 0, 0, 0, 0, 0, 0, 0, 4, 34
"c:\Users\HP\Desktop\mvp\Backend\src\repository\server_request\billing.js", "JavaScript", 197, 0, 0, 0, 0, 0, 0, 0, 0, 0, 21, 218
"c:\Users\HP\Desktop\mvp\Backend\src\repository\server_request\current.js", "JavaScript", 41, 0, 0, 0, 0, 0, 0, 0, 0, 0, 7, 48
"c:\Users\HP\Desktop\mvp\Backend\src\repository\server_request\event.js", "JavaScript", 33, 0, 0, 0, 0, 0, 0, 0, 0, 0, 7, 40
"c:\Users\HP\Desktop\mvp\Backend\src\repository\server_request\feeder.js", "JavaScript", 94, 0, 0, 0, 0, 0, 0, 0, 0, 0, 7, 101
"c:\Users\HP\Desktop\mvp\Backend\src\repository\server_request\folder.js", "JavaScript", 239, 0, 0, 0, 0, 0, 0, 0, 0, 0, 27, 266
"c:\Users\HP\Desktop\mvp\Backend\src\repository\server_request\gm.js", "JavaScript", 219, 0, 0, 0, 0, 0, 0, 0, 0, 0, 24, 243
"c:\Users\HP\Desktop\mvp\Backend\src\repository\server_request\journal.js", "JavaScript", 136, 0, 0, 0, 0, 0, 0, 0, 0, 0, 17, 153
"c:\Users\HP\Desktop\mvp\Backend\src\repository\server_request\last_current.js", "JavaScript", 40, 0, 0, 0, 0, 0, 0, 0, 0, 0, 3, 43
"c:\Users\HP\Desktop\mvp\Backend\src\repository\server_request\last_join.js", "JavaScript", 39, 0, 0, 0, 0, 0, 0, 0, 0, 0, 5, 44
"c:\Users\HP\Desktop\mvp\Backend\src\repository\server_request\manual_request.js", "JavaScript", 38, 0, 0, 0, 0, 0, 0, 0, 0, 0, 5, 43
"c:\Users\HP\Desktop\mvp\Backend\src\repository\server_request\meter.js", "JavaScript", 182, 0, 0, 0, 0, 0, 0, 0, 0, 0, 16, 198
"c:\Users\HP\Desktop\mvp\Backend\src\repository\server_request\parameter.js", "JavaScript", 171, 0, 0, 0, 0, 0, 0, 0, 0, 0, 19, 190
"c:\Users\HP\Desktop\mvp\Backend\src\repository\server_request\previous_data.js", "JavaScript", 68, 0, 0, 0, 0, 0, 0, 0, 0, 1, 7, 76
"c:\Users\HP\Desktop\mvp\Backend\src\router\admin\admin.js", "JavaScript", 12, 0, 0, 0, 0, 0, 0, 0, 0, 0, 2, 14
"c:\Users\HP\Desktop\mvp\Backend\src\router\auth\login.js", "JavaScript", 11, 0, 0, 0, 0, 0, 0, 0, 0, 0, 2, 13
"c:\Users\HP\Desktop\mvp\Backend\src\router\electricity\calculation_object.js", "JavaScript", 21, 0, 0, 0, 0, 0, 0, 0, 0, 0, 2, 23
"c:\Users\HP\Desktop\mvp\Backend\src\router\electricity\elect_object.js", "JavaScript", 23, 0, 0, 0, 0, 0, 0, 0, 0, 0, 2, 25
"c:\Users\HP\Desktop\mvp\Backend\src\router\graphics\dashboard.js", "JavaScript", 10, 0, 0, 0, 0, 0, 0, 0, 0, 0, 2, 12
"c:\Users\HP\Desktop\mvp\Backend\src\router\graphics\graph.js", "JavaScript", 15, 0, 0, 0, 0, 0, 0, 0, 0, 0, 2, 17
"c:\Users\HP\Desktop\mvp\Backend\src\router\graphics\vector.js", "JavaScript", 7, 0, 0, 0, 0, 0, 0, 0, 0, 0, 2, 9
"c:\Users\HP\Desktop\mvp\Backend\src\router\index.js", "JavaScript", 38, 0, 0, 0, 0, 0, 0, 0, 0, 0, 2, 40
"c:\Users\HP\Desktop\mvp\Backend\src\router\meter\meter.js", "JavaScript", 15, 0, 0, 0, 0, 0, 0, 0, 0, 0, 2, 17
"c:\Users\HP\Desktop\mvp\Backend\src\router\server\billing.js", "JavaScript", 8, 0, 0, 0, 0, 0, 0, 0, 0, 0, 2, 10
"c:\Users\HP\Desktop\mvp\Backend\src\router\server\check_port.js", "JavaScript", 5, 0, 0, 0, 0, 0, 0, 0, 0, 0, 2, 7
"c:\Users\HP\Desktop\mvp\Backend\src\router\server\events.js", "JavaScript", 10, 0, 0, 0, 0, 0, 0, 0, 0, 0, 2, 12
"c:\Users\HP\Desktop\mvp\Backend\src\router\server\folder.js", "JavaScript", 13, 0, 0, 0, 0, 0, 0, 0, 0, 0, 2, 15
"c:\Users\HP\Desktop\mvp\Backend\src\router\server\gm.js", "JavaScript", 5, 0, 0, 0, 0, 0, 0, 0, 0, 0, 1, 6
"c:\Users\HP\Desktop\mvp\Backend\src\router\server\journal.js", "JavaScript", 7, 0, 0, 0, 0, 0, 0, 0, 0, 0, 2, 9
"c:\Users\HP\Desktop\mvp\Backend\src\router\server\license.js", "JavaScript", 7, 0, 0, 0, 0, 0, 0, 0, 0, 0, 2, 9
"c:\Users\HP\Desktop\mvp\Backend\src\router\server\schema.js", "JavaScript", 6, 0, 0, 0, 0, 0, 0, 0, 0, 0, 2, 8
"c:\Users\HP\Desktop\mvp\Backend\src\server\CE_308.json", "JSON", 0, 0, 0, 82, 0, 0, 0, 0, 0, 0, 1, 83
"c:\Users\HP\Desktop\mvp\Backend\src\server\EX_518.json", "JSON", 0, 0, 0, 74, 0, 0, 0, 0, 0, 0, 1, 75
"c:\Users\HP\Desktop\mvp\Backend\src\server\TE_73CAS.json", "JSON", 0, 0, 0, 74, 0, 0, 0, 0, 0, 0, 1, 75
"c:\Users\HP\Desktop\mvp\Backend\src\server\format_params.json", "JSON", 0, 0, 0, 637, 0, 0, 0, 0, 0, 0, 1, 638
"c:\Users\HP\Desktop\mvp\Backend\src\server\meter_list.json", "JSON", 0, 0, 0, 5, 0, 0, 0, 0, 0, 0, 0, 5
"c:\Users\HP\Desktop\mvp\Backend\src\utils\connect_db.js", "JavaScript", 14, 0, 0, 0, 0, 0, 0, 0, 0, 9, 3, 26
"c:\Users\HP\Desktop\mvp\Backend\src\utils\createsuperadmin.js", "JavaScript", 35, 0, 0, 0, 0, 0, 0, 0, 0, 2, 8, 45
"c:\Users\HP\Desktop\mvp\Backend\src\utils\custom_error.js", "JavaScript", 6, 0, 0, 0, 0, 0, 0, 0, 0, 0, 1, 7
"c:\Users\HP\Desktop\mvp\Backend\src\utils\formula.js", "JavaScript", 559, 0, 0, 0, 0, 0, 0, 0, 0, 0, 19, 578
"c:\Users\HP\Desktop\mvp\Backend\src\utils\killPort.js", "JavaScript", 49, 0, 0, 0, 0, 0, 0, 0, 0, 0, 12, 61
"c:\Users\HP\Desktop\mvp\Backend\src\utils\session.js", "JavaScript", 43, 0, 0, 0, 0, 0, 0, 0, 0, 0, 6, 49
"c:\Users\HP\Desktop\mvp\Backend\src\utils\sortvalue_bydate.js", "JavaScript", 580, 0, 0, 0, 0, 0, 0, 0, 0, 17, 86, 683
"c:\Users\HP\Desktop\mvp\Backend\src\utils\total.js", "JavaScript", 61, 0, 0, 0, 0, 0, 0, 0, 0, 0, 20, 81
"c:\Users\HP\Desktop\mvp\Backend\src\utils\unique_short-names.js", "JavaScript", 39, 0, 0, 0, 0, 0, 0, 0, 0, 0, 5, 44
"c:\Users\HP\Desktop\mvp\Backend\src\utils\utils_fn.js", "JavaScript", 50, 0, 0, 0, 0, 0, 0, 0, 0, 0, 14, 64
"c:\Users\HP\Desktop\mvp\Backend\src\utils\uuid.js", "JavaScript", 9, 0, 0, 0, 0, 0, 0, 0, 0, 0, 1, 10
"c:\Users\HP\Desktop\mvp\Backend\src\validation\admin.js", "JavaScript", 19, 0, 0, 0, 0, 0, 0, 0, 0, 0, 3, 22
"c:\Users\HP\Desktop\mvp\Backend\src\validation\billing.js", "JavaScript", 14, 0, 0, 0, 0, 0, 0, 0, 0, 0, 4, 18
"c:\Users\HP\Desktop\mvp\Backend\src\validation\calculation_object.js", "JavaScript", 10, 0, 0, 0, 0, 0, 0, 0, 0, 0, 3, 13
"c:\Users\HP\Desktop\mvp\Backend\src\validation\dashboard.js", "JavaScript", 8, 0, 0, 0, 0, 0, 0, 0, 0, 0, 2, 10
"c:\Users\HP\Desktop\mvp\Backend\src\validation\elect_object.js", "JavaScript", 58, 0, 0, 0, 0, 0, 0, 0, 0, 0, 8, 66
"c:\Users\HP\Desktop\mvp\Backend\src\validation\events.js", "JavaScript", 7, 0, 0, 0, 0, 0, 0, 0, 0, 0, 2, 9
"c:\Users\HP\Desktop\mvp\Backend\src\validation\folder.js", "JavaScript", 11, 0, 0, 0, 0, 0, 0, 0, 0, 0, 3, 14
"c:\Users\HP\Desktop\mvp\Backend\src\validation\graph.js", "JavaScript", 28, 0, 0, 0, 0, 0, 0, 0, 0, 0, 5, 33
"c:\Users\HP\Desktop\mvp\Backend\src\validation\meter.js", "JavaScript", 90, 0, 0, 0, 0, 0, 0, 0, 0, 0, 9, 99
"c:\Users\HP\Desktop\mvp\Frontend\.env", "Properties", 0, 0, 0, 0, 0, 0, 0, 0, 2, 0, 0, 2
"c:\Users\HP\Desktop\mvp\Frontend\README.md", "Markdown", 0, 19, 0, 0, 0, 0, 0, 0, 0, 0, 6, 25
"c:\Users\HP\Desktop\mvp\Frontend\babel.config.js", "JavaScript", 12, 0, 0, 0, 0, 0, 0, 0, 0, 0, 1, 13
"c:\Users\HP\Desktop\mvp\Frontend\errors.json", "JSON", 0, 0, 0, 7, 0, 0, 0, 0, 0, 0, 0, 7
"c:\Users\HP\Desktop\mvp\Frontend\journal.json", "JSON", 0, 0, 0, 258, 0, 0, 0, 0, 0, 0, 0, 258
"c:\Users\HP\Desktop\mvp\Frontend\jsconfig.json", "JSON with Comments", 0, 0, 0, 0, 0, 0, 17, 0, 0, 0, 2, 19
"c:\Users\HP\Desktop\mvp\Frontend\package-lock.json", "JSON", 0, 0, 0, 30494, 0, 0, 0, 0, 0, 0, 1, 30495
"c:\Users\HP\Desktop\mvp\Frontend\package.json", "JSON", 0, 0, 0, 70, 0, 0, 0, 0, 0, 0, 1, 71
"c:\Users\HP\Desktop\mvp\Frontend\public\index.html", "HTML", 0, 0, 0, 0, 0, 16, 0, 0, 0, 1, 1, 18
"c:\Users\HP\Desktop\mvp\Frontend\public\power_monitoring.admins.json", "JSON", 0, 0, 0, 10, 0, 0, 0, 0, 0, 0, 0, 10
"c:\Users\HP\Desktop\mvp\Frontend\public\power_monitoring.calculation_objects.json", "JSON", 0, 0, 0, 801, 0, 0, 0, 0, 0, 0, 0, 801
"c:\Users\HP\Desktop\mvp\Frontend\public\power_monitoring.elect_objects.json", "JSON", 0, 0, 0, 1988, 0, 0, 0, 0, 0, 0, 0, 1988
"c:\Users\HP\Desktop\mvp\Frontend\public\power_monitoring.factories.json", "JSON", 0, 0, 0, 6, 0, 0, 0, 0, 0, 0, 0, 6
"c:\Users\HP\Desktop\mvp\Frontend\public\power_monitoring.meters.json", "JSON", 0, 0, 0, 13, 0, 0, 0, 0, 0, 0, 0, 13
"c:\Users\HP\Desktop\mvp\Frontend\public\power_monitoring.parameters.json", "JSON", 0, 0, 0, 480, 0, 0, 0, 0, 0, 0, 0, 480
"c:\Users\HP\Desktop\mvp\Frontend\src\App.vue", "vue", 0, 0, 141, 0, 0, 0, 0, 0, 0, 0, 4, 145
"c:\Users\HP\Desktop\mvp\Frontend\src\background.js", "JavaScript", 211, 0, 0, 0, 0, 0, 0, 0, 0, 18, 21, 250
"c:\Users\HP\Desktop\mvp\Frontend\src\main.js", "JavaScript", 24, 0, 0, 0, 0, 0, 0, 0, 0, 3, 2, 29
"c:\Users\HP\Desktop\mvp\Frontend\src\renderer\assets\css\font.css", "CSS", 0, 0, 0, 0, 0, 0, 0, 16, 0, 0, 2, 18
"c:\Users\HP\Desktop\mvp\Frontend\src\renderer\assets\css\main.css", "CSS", 0, 0, 0, 0, 0, 0, 0, 4418, 0, 68, 68, 4554
"c:\Users\HP\Desktop\mvp\Frontend\src\renderer\assets\sidebar.json", "JSON", 0, 0, 0, 83, 0, 0, 0, 0, 0, 0, 1, 84
"c:\Users\HP\Desktop\mvp\Frontend\src\renderer\assets\svg\arrR.svg", "XML", 0, 0, 0, 0, 4, 0, 0, 0, 0, 0, 1, 5
"c:\Users\HP\Desktop\mvp\Frontend\src\renderer\assets\svg\arrow-down-w.svg", "XML", 0, 0, 0, 0, 3, 0, 0, 0, 0, 0, 1, 4
"c:\Users\HP\Desktop\mvp\Frontend\src\renderer\assets\svg\arrow-down.svg", "XML", 0, 0, 0, 0, 3, 0, 0, 0, 0, 0, 1, 4
"c:\Users\HP\Desktop\mvp\Frontend\src\renderer\assets\svg\cloud.svg", "XML", 0, 0, 0, 0, 34, 0, 0, 0, 0, 0, 1, 35
"c:\Users\HP\Desktop\mvp\Frontend\src\renderer\assets\svg\logo.svg", "XML", 0, 0, 0, 0, 7, 0, 0, 0, 0, 0, 1, 8
"c:\Users\HP\Desktop\mvp\Frontend\src\renderer\assets\svg\logo2.svg", "XML", 0, 0, 0, 0, 5, 0, 0, 0, 0, 0, 1, 6
"c:\Users\HP\Desktop\mvp\Frontend\src\renderer\assets\svg\meter.svg", "XML", 0, 0, 0, 0, 4, 0, 0, 0, 0, 0, 1, 5
"c:\Users\HP\Desktop\mvp\Frontend\src\renderer\assets\svg\reload.svg", "XML", 0, 0, 0, 0, 3, 0, 0, 0, 0, 0, 1, 4
"c:\Users\HP\Desktop\mvp\Frontend\src\renderer\components\charts\chart-dashboard-yearly.vue", "vue", 0, 0, 221, 0, 0, 0, 0, 0, 0, 0, 2, 223
"c:\Users\HP\Desktop\mvp\Frontend\src\renderer\components\charts\chart-dashboard.vue", "vue", 0, 0, 208, 0, 0, 0, 0, 0, 0, 0, 3, 211
"c:\Users\HP\Desktop\mvp\Frontend\src\renderer\components\charts\chart-diagram.vue", "vue", 0, 0, 289, 0, 0, 0, 0, 0, 0, 0, 24, 313
"c:\Users\HP\Desktop\mvp\Frontend\src\renderer\components\charts\chart-line.vue", "vue", 0, 0, 245, 0, 0, 0, 0, 0, 0, 1, 6, 252
"c:\Users\HP\Desktop\mvp\Frontend\src\renderer\components\charts\chart-lineCurrent.vue", "vue", 0, 0, 280, 0, 0, 0, 0, 0, 0, 0, 10, 290
"c:\Users\HP\Desktop\mvp\Frontend\src\renderer\components\datepicker\datepicker.vue", "vue", 0, 0, 584, 0, 0, 0, 0, 0, 0, 0, 16, 600
"c:\Users\HP\Desktop\mvp\Frontend\src\renderer\components\datepicker\datepickerDate.vue", "vue", 0, 0, 411, 0, 0, 0, 0, 0, 0, 0, 20, 431
"c:\Users\HP\Desktop\mvp\Frontend\src\renderer\components\datepicker\datepickerMonth.vue", "vue", 0, 0, 330, 0, 0, 0, 0, 0, 0, 0, 18, 348
"c:\Users\HP\Desktop\mvp\Frontend\src\renderer\components\datepicker\datepickerYear.vue", "vue", 0, 0, 366, 0, 0, 0, 0, 0, 0, 0, 17, 383
"c:\Users\HP\Desktop\mvp\Frontend\src\renderer\components\error.vue", "vue", 0, 0, 72, 0, 0, 0, 0, 0, 0, 3, 0, 75
"c:\Users\HP\Desktop\mvp\Frontend\src\renderer\components\icons.vue", "vue", 0, 0, 616, 0, 0, 0, 0, 0, 0, 0, 7, 623
"c:\Users\HP\Desktop\mvp\Frontend\src\renderer\components\infoModal.vue", "vue", 0, 0, 270, 0, 0, 0, 0, 0, 0, 0, 1, 271
"c:\Users\HP\Desktop\mvp\Frontend\src\renderer\components\menu\TreeParentFiles.vue", "vue", 0, 0, 161, 0, 0, 0, 0, 0, 0, 1, 6, 168
"c:\Users\HP\Desktop\mvp\Frontend\src\renderer\components\menu\TreeParentFirst.vue", "vue", 0, 0, 213, 0, 0, 0, 0, 0, 0, 0, 5, 218
"c:\Users\HP\Desktop\mvp\Frontend\src\renderer\components\menu\TreeParentFirst2.vue", "vue", 0, 0, 231, 0, 0, 0, 0, 0, 0, 0, 7, 238
"c:\Users\HP\Desktop\mvp\Frontend\src\renderer\components\menu\TreeParentFirstReport.vue", "vue", 0, 0, 171, 0, 0, 0, 0, 0, 0, 0, 3, 174
"c:\Users\HP\Desktop\mvp\Frontend\src\renderer\components\menu\TreeParentSec.vue", "vue", 0, 0, 433, 0, 0, 0, 0, 0, 0, 0, 6, 439
"c:\Users\HP\Desktop\mvp\Frontend\src\renderer\components\modals\modalAddTimezone.vue", "vue", 0, 0, 139, 0, 0, 0, 0, 0, 0, 9, 4, 152
"c:\Users\HP\Desktop\mvp\Frontend\src\renderer\components\modals\modalAddUser.vue", "vue", 0, 0, 379, 0, 0, 0, 0, 0, 0, 9, 5, 393
"c:\Users\HP\Desktop\mvp\Frontend\src\renderer\components\modals\modalBase.vue", "vue", 0, 0, 105, 0, 0, 0, 0, 0, 0, 0, 4, 109
"c:\Users\HP\Desktop\mvp\Frontend\src\renderer\components\modals\modalCounter.vue", "vue", 0, 0, 828, 0, 0, 0, 0, 0, 0, 24, 7, 859
"c:\Users\HP\Desktop\mvp\Frontend\src\renderer\components\modals\modalEModel.vue", "vue", 0, 0, 633, 0, 0, 0, 0, 0, 0, 9, 1, 643
"c:\Users\HP\Desktop\mvp\Frontend\src\renderer\components\modals\modalEModelReport.vue", "vue", 0, 0, 219, 0, 0, 0, 0, 0, 0, 9, 0, 228
"c:\Users\HP\Desktop\mvp\Frontend\src\renderer\components\modals\modalFile.vue", "vue", 0, 0, 130, 0, 0, 0, 0, 0, 0, 0, 4, 134
"c:\Users\HP\Desktop\mvp\Frontend\src\renderer\components\modals\modalHandleRequest.vue", "vue", 0, 0, 244, 0, 0, 0, 0, 0, 0, 0, 5, 249
"c:\Users\HP\Desktop\mvp\Frontend\src\renderer\components\modals\modalLicense.vue", "vue", 0, 0, 176, 0, 0, 0, 0, 0, 0, 7, 3, 186
"c:\Users\HP\Desktop\mvp\Frontend\src\renderer\components\modals\modalLicenseOnline.vue", "vue", 0, 0, 408, 0, 0, 0, 0, 0, 0, 0, 12, 420
"c:\Users\HP\Desktop\mvp\Frontend\src\renderer\components\modals\modalRemove.vue", "vue", 0, 0, 166, 0, 0, 0, 0, 0, 0, 1, 3, 170
"c:\Users\HP\Desktop\mvp\Frontend\src\renderer\components\modals\modalRemoveTimezone.vue", "vue", 0, 0, 108, 0, 0, 0, 0, 0, 0, 1, 3, 112
"c:\Users\HP\Desktop\mvp\Frontend\src\renderer\components\modals\modalRemoveUser.vue", "vue", 0, 0, 140, 0, 0, 0, 0, 0, 0, 1, 3, 144
"c:\Users\HP\Desktop\mvp\Frontend\src\renderer\components\modals\modalUSPD.vue", "vue", 0, 0, 177, 0, 0, 0, 0, 0, 0, 9, 7, 193
"c:\Users\HP\Desktop\mvp\Frontend\src\renderer\components\modals\notify.vue", "vue", 0, 0, 34, 0, 0, 0, 0, 0, 0, 0, 0, 34
"c:\Users\HP\Desktop\mvp\Frontend\src\renderer\components\modals\notify2.vue", "vue", 0, 0, 62, 0, 0, 0, 0, 0, 0, 0, 0, 62
"c:\Users\HP\Desktop\mvp\Frontend\src\renderer\components\multiSelect.vue", "vue", 0, 0, 143, 0, 0, 0, 0, 0, 0, 0, 3, 146
"c:\Users\HP\Desktop\mvp\Frontend\src\renderer\components\nav-bar.vue", "vue", 0, 0, 147, 0, 0, 0, 0, 0, 0, 1, 0, 148
"c:\Users\HP\Desktop\mvp\Frontend\src\renderer\components\pdf\event.vue", "vue", 0, 0, 85, 0, 0, 0, 0, 0, 0, 0, 1, 86
"c:\Users\HP\Desktop\mvp\Frontend\src\renderer\components\pdf\noBalance.vue", "vue", 0, 0, 85, 0, 0, 0, 0, 0, 0, 0, 0, 85
"c:\Users\HP\Desktop\mvp\Frontend\src\renderer\components\pdf\report1.vue", "vue", 0, 0, 121, 0, 0, 0, 0, 0, 0, 0, 1, 122
"c:\Users\HP\Desktop\mvp\Frontend\src\renderer\components\pdf\report2.vue", "vue", 0, 0, 194, 0, 0, 0, 0, 0, 0, 0, 1, 195
"c:\Users\HP\Desktop\mvp\Frontend\src\renderer\components\pdf\report6.vue", "vue", 0, 0, 98, 0, 0, 0, 0, 0, 0, 0, 0, 98
"c:\Users\HP\Desktop\mvp\Frontend\src\renderer\components\pdf\report7.vue", "vue", 0, 0, 190, 0, 0, 0, 0, 0, 0, 0, 1, 191
"c:\Users\HP\Desktop\mvp\Frontend\src\renderer\components\pdf\tablePdf.vue", "vue", 0, 0, 185, 0, 0, 0, 0, 0, 0, 0, 2, 187
"c:\Users\HP\Desktop\mvp\Frontend\src\renderer\components\pdf\timezone.vue", "vue", 0, 0, 118, 0, 0, 0, 0, 0, 0, 0, 1, 119
"c:\Users\HP\Desktop\mvp\Frontend\src\renderer\components\pdf\vector.vue", "vue", 0, 0, 273, 0, 0, 0, 0, 0, 0, 0, 2, 275
"c:\Users\HP\Desktop\mvp\Frontend\src\renderer\components\select.vue", "vue", 0, 0, 137, 0, 0, 0, 0, 0, 0, 0, 2, 139
"c:\Users\HP\Desktop\mvp\Frontend\src\renderer\components\select2.vue", "vue", 0, 0, 129, 0, 0, 0, 0, 0, 0, 0, 2, 131
"c:\Users\HP\Desktop\mvp\Frontend\src\renderer\components\side-bar.vue", "vue", 0, 0, 110, 0, 0, 0, 0, 0, 0, 0, 0, 110
"c:\Users\HP\Desktop\mvp\Frontend\src\renderer\components\timer.vue", "vue", 0, 0, 1785, 0, 0, 0, 0, 0, 0, 0, 0, 1785
"c:\Users\HP\Desktop\mvp\Frontend\src\renderer\components\timerMonthly.vue", "vue", 0, 0, 198, 0, 0, 0, 0, 0, 0, 0, 1, 199
"c:\Users\HP\Desktop\mvp\Frontend\src\renderer\components\timerWeekly.vue", "vue", 0, 0, 174, 0, 0, 0, 0, 0, 0, 0, 1, 175
"c:\Users\HP\Desktop\mvp\Frontend\src\renderer\events\async.js", "JavaScript", 15, 0, 0, 0, 0, 0, 0, 0, 0, 1, 3, 19
"c:\Users\HP\Desktop\mvp\Frontend\src\renderer\events\crypto.js", "JavaScript", 34, 0, 0, 0, 0, 0, 0, 0, 0, 1, 1, 36
"c:\Users\HP\Desktop\mvp\Frontend\src\renderer\events\printPDF.js", "JavaScript", 73, 0, 0, 0, 0, 0, 0, 0, 0, 3, 1, 77
"c:\Users\HP\Desktop\mvp\Frontend\src\renderer\locale\index.json", "JSON", 0, 0, 0, 336, 0, 0, 0, 0, 0, 0, 1, 337
"c:\Users\HP\Desktop\mvp\Frontend\src\renderer\plugins\axios.js", "JavaScript", 35, 0, 0, 0, 0, 0, 0, 0, 0, 0, 4, 39
"c:\Users\HP\Desktop\mvp\Frontend\src\renderer\plugins\i18.js", "JavaScript", 15, 0, 0, 0, 0, 0, 0, 0, 0, 1, 3, 19
"c:\Users\HP\Desktop\mvp\Frontend\src\renderer\plugins\license.js", "JavaScript", 15, 0, 0, 0, 0, 0, 0, 0, 0, 0, 3, 18
"c:\Users\HP\Desktop\mvp\Frontend\src\renderer\router\index.js", "JavaScript", 81, 0, 0, 0, 0, 0, 0, 0, 0, 4, 3, 88
"c:\Users\HP\Desktop\mvp\Frontend\src\renderer\views\dash-board.vue", "vue", 0, 0, 503, 0, 0, 0, 0, 0, 0, 0, 3, 506
"c:\Users\HP\Desktop\mvp\Frontend\src\renderer\views\e-model.vue", "vue", 0, 0, 507, 0, 0, 0, 0, 0, 0, 5, 1, 513
"c:\Users\HP\Desktop\mvp\Frontend\src\renderer\views\ep-model.vue", "vue", 0, 0, 443, 0, 0, 0, 0, 0, 0, 5, 2, 450
"c:\Users\HP\Desktop\mvp\Frontend\src\renderer\views\graph-panel.vue", "vue", 0, 0, 934, 0, 0, 0, 0, 0, 0, 0, 9, 943
"c:\Users\HP\Desktop\mvp\Frontend\src\renderer\views\login.vue", "vue", 0, 0, 311, 0, 0, 0, 0, 0, 0, 0, 11, 322
"c:\Users\HP\Desktop\mvp\Frontend\src\renderer\views\report.vue", "vue", 0, 0, 774, 0, 0, 0, 0, 0, 0, 1, 3, 778
"c:\Users\HP\Desktop\mvp\Frontend\src\renderer\views\schema.vue", "vue", 0, 0, 527, 0, 0, 0, 0, 0, 0, 4, 1, 532
"c:\Users\HP\Desktop\mvp\Frontend\src\renderer\views\server-request.vue", "vue", 0, 0, 639, 0, 0, 0, 0, 0, 0, 21, 3, 663
"c:\Users\HP\Desktop\mvp\Frontend\src\renderer\views\settings.vue", "vue", 0, 0, 394, 0, 0, 0, 0, 0, 0, 54, 3, 451
"c:\Users\HP\Desktop\mvp\Frontend\src\renderer\views\table-diagram.vue", "vue", 0, 0, 1623, 0, 0, 0, 0, 0, 0, 10, 16, 1649
"c:\Users\HP\Desktop\mvp\Frontend\src\renderer\views\vector-diagram.vue", "vue", 0, 0, 732, 0, 0, 0, 0, 0, 0, 0, 7, 739
"c:\Users\HP\Desktop\mvp\Frontend\vue.config.js", "JavaScript", 13, 0, 0, 0, 0, 0, 0, 0, 0, 1, 1, 15
"c:\Users\HP\Desktop\mvp\Frontend\webpack.config.js", "JavaScript", 5, 0, 0, 0, 0, 0, 0, 0, 0, 0, 0, 5
"Total", "-", 9304, 19, 20749, 37565, 63, 16, 17, 4434, 2, 337, 1463, 73969